Id,NextTopicIds,Name
1,[43],Topic1
2,,Topic2
3,[16],Topic3
4,"[25, 79]",Topic4
5,,Topic5
6,"[88, 79]",Topic6
7,,Topic7
8,,Topic8
9,"[22, 14]",Topic9
10,"[86, 31]",Topic10
11,"[85, 86]",Topic11
12,"[92, 80]",Topic12
13,[51],Topic13
14,,Topic14
15,"[62, 79]",Topic15
16,,Topic16
17,[62],Topic17
18,"[30, 81]",Topic18
19,"[38, 92]",Topic19
20,[80],Topic20
21,[9],Topic21
22,[19],Topic22
23,[80],Topic23
24,"[14, 18]",Topic24
25,[27],Topic25
26,[100],Topic26
27,"[100, 62]",Topic27
28,"[78, 26]",Topic28
29,[63],Topic29
30,"[68, 46]",Topic30
31,[5],Topic31
32,"[3, 16]",Topic32
33,[43],Topic33
34,[65],Topic34
35,,Topic35
36,[15],Topic36
37,,Topic37
38,"[34, 88]",Topic38
39,,Topic39
40,"[57, 43]",Topic40
41,[47],Topic41
42,[75],Topic42
43,,Topic43
44,[95],Topic44
45,"[97, 30]",Topic45
46,,Topic46
47,[61],Topic47
48,,Topic48
49,[42],Topic49
50,[1],Topic50
51,"[17, 37]",Topic51
52,[49],Topic52
53,,Topic53
54,[47],Topic54
55,[48],Topic55
56,"[14, 27]",Topic56
57,[60],Topic57
58,[5],Topic58
59,"[68, 29]",Topic59
60,,Topic60
61,"[88, 65]",Topic61
62,[96],Topic62
63,,Topic63
64,[60],Topic64
65,"[40, 13]",Topic65
66,"[39, 89]",Topic66
67,[6],Topic67
68,,Topic68
69,"[18, 5]",Topic69
70,,Topic70
71,[67],Topic71
72,"[62, 24]",Topic72
73,,Topic73
74,,Topic74
75,,Topic75
76,[4],Topic76
77,[2],Topic77
78,[17],Topic78
79,,Topic79
80,"[65, 87]",Topic80
81,,Topic81
82,,Topic82
83,,Topic83
84,,Topic84
85,,Topic85
86,"[47, 14]",Topic86
87,[92],Topic87
88,,Topic88
89,"[59, 41]",Topic89
90,"[70, 50]",Topic90
91,[50],Topic91
92,"[97, 8]",Topic92
93,,Topic93
94,,Topic94
95,,Topic95
96,"[57, 58]",Topic96
97,[57],Topic97
98,[81],Topic98
99,"[51, 93]",Topic99
100,"[22, 45]",Topic100
